url,num_prepaid_shows,category1,category2,category3,category4,category5
http://roller.org/banner0_cheap_huge_small.jpg,222,cheap,huge,small,,
http://roller.org/banner1_huge_white_small.jpg,651,huge,white,small,,
http://roller.org/banner2_small_cheap_bikes_expensive_white.jpg,523,small,cheap,bikes,expensive,white
http://roller.org/banner3_expensive_cars.jpg,122,expensive,cars,,,
http://roller.org/banner4_cars_small_expensive.jpg,206,cars,small,expensive,,
http://roller.org/banner5_expensive.jpg,945,expensive,,,,
http://roller.org/banner6_expensive_bikes.jpg,973,expensive,bikes,,,
http://roller.org/banner7_small_expensive.jpg,199,small,expensive,,,
http://roller.org/banner8_black_expensive.jpg,866,black,expensive,,,
http://roller.org/banner9_black_cars.jpg,181,black,cars,,,
http://roller.org/banner10_expensive.jpg,735,expensive,,,,
http://roller.org/banner11_white_black.jpg,158,white,black,,,
http://roller.org/banner12_huge_expensive.jpg,633,huge,expensive,,,
http://roller.org/banner13_black.jpg,553,black,,,,
http://roller.org/banner14_huge.jpg,673,huge,,,,
http://roller.org/banner15_white_cars_black.jpg,969,white,cars,black,,
http://roller.org/banner16_expensive_cheap.jpg,516,expensive,cheap,,,
http://roller.org/banner17_cars_huge_small.jpg,636,cars,huge,small,,
http://roller.org/banner18_black_small.jpg,528,black,small,,,
http://roller.org/banner19_black.jpg,390,black,,,,
http://roller.org/banner20_expensive_small.jpg,457,expensive,small,,,
http://roller.org/banner21_expensive.jpg,566,expensive,,,,
http://roller.org/banner22_expensive_cheap_cars.jpg,9,expensive,cheap,cars,,
http://roller.org/banner23_small_bikes.jpg,785,small,bikes,,,
http://roller.org/banner24_white.jpg,919,white,,,,
http://roller.org/banner25_expensive.jpg,427,expensive,,,,
http://roller.org/banner26_bikes_expensive_black.jpg,34,bikes,expensive,black,,
http://roller.org/banner27_cars_black.jpg,207,cars,black,,,
http://roller.org/banner28_huge_black.jpg,497,huge,black,,,
http://roller.org/banner29_expensive_black_huge.jpg,442,expensive,black,huge,,
http://roller.org/banner30_black_cars_white.jpg,921,black,cars,white,,
http://roller.org/banner31_white.jpg,0,white,,,,
http://roller.org/banner32_white.jpg,142,white,,,,
http://roller.org/banner33_cheap_huge_small_cars.jpg,1,cheap,huge,small,cars,
http://roller.org/banner34_bikes.jpg,840,bikes,,,,
http://roller.org/banner35_cars_huge.jpg,147,cars,huge,,,
http://roller.org/banner36_small.jpg,508,small,,,,
http://roller.org/banner37_cheap.jpg,540,cheap,,,,
http://roller.org/banner38_huge.jpg,433,huge,,,,
http://roller.org/banner39_cars_white_small.jpg,447,cars,white,small,,
http://roller.org/banner40_small_bikes.jpg,715,small,bikes,,,
http://roller.org/banner41_expensive.jpg,908,expensive,,,,
http://roller.org/banner42_expensive_cheap.jpg,760,expensive,cheap,,,
http://roller.org/banner43_white_expensive_cheap.jpg,111,white,expensive,cheap,,
http://roller.org/banner44_black.jpg,103,black,,,,
http://roller.org/banner45_small_huge_expensive_cheap_black.jpg,330,small,huge,expensive,cheap,black
http://roller.org/banner46_black.jpg,532,black,,,,
http://roller.org/banner47_cheap_black.jpg,730,cheap,black,,,
http://roller.org/banner48_white_cheap.jpg,479,white,cheap,,,
http://roller.org/banner49_cheap.jpg,505,cheap,,,,
http://roller.org/banner50_expensive.jpg,604,expensive,,,,
http://roller.org/banner51_cars.jpg,689,cars,,,,
http://roller.org/banner52_expensive_white_black.jpg,79,expensive,white,black,,
http://roller.org/banner53_cheap_bikes.jpg,506,cheap,bikes,,,
http://roller.org/banner54_huge_cars.jpg,247,huge,cars,,,
http://roller.org/banner55_black_white.jpg,374,black,white,,,
http://roller.org/banner56_bikes_white.jpg,309,bikes,white,,,
http://roller.org/banner57_bikes.jpg,336,bikes,,,,
http://roller.org/banner58_expensive_bikes.jpg,364,expensive,bikes,,,
http://roller.org/banner59_bikes_huge_black.jpg,997,bikes,huge,black,,
http://roller.org/banner60_bikes.jpg,969,bikes,,,,
http://roller.org/banner61_cars.jpg,746,cars,,,,
http://roller.org/banner62_small_expensive.jpg,851,small,expensive,,,
http://roller.org/banner63_cheap_bikes.jpg,697,cheap,bikes,,,
http://roller.org/banner64_expensive_black_cars.jpg,246,expensive,black,cars,,
http://roller.org/banner65_cheap_huge.jpg,721,cheap,huge,,,
http://roller.org/banner66_black_white_expensive.jpg,498,black,white,expensive,,
http://roller.org/banner67_bikes_cheap.jpg,980,bikes,cheap,,,
http://roller.org/banner68_bikes.jpg,323,bikes,,,,
http://roller.org/banner69_white.jpg,501,white,,,,
http://roller.org/banner70_black.jpg,602,black,,,,
http://roller.org/banner71_bikes_white.jpg,228,bikes,white,,,
http://roller.org/banner72_expensive_small_cars.jpg,803,expensive,small,cars,,
http://roller.org/banner73_bikes_cars.jpg,15,bikes,cars,,,
http://roller.org/banner74_black_huge.jpg,771,black,huge,,,
http://roller.org/banner75_expensive.jpg,85,expensive,,,,
http://roller.org/banner76_expensive.jpg,257,expensive,,,,
http://roller.org/banner77_cars_expensive_black.jpg,700,cars,expensive,black,,
http://roller.org/banner78_bikes_black.jpg,990,bikes,black,,,
http://roller.org/banner79_cars.jpg,253,cars,,,,
http://roller.org/banner80_huge_expensive_white.jpg,905,huge,expensive,white,,
http://roller.org/banner81_black.jpg,100,black,,,,
http://roller.org/banner82_huge_cars_small.jpg,226,huge,cars,small,,
http://roller.org/banner83_bikes.jpg,120,bikes,,,,
http://roller.org/banner84_huge_black_small.jpg,860,huge,black,small,,
http://roller.org/banner85_expensive_white_small.jpg,75,expensive,white,small,,
http://roller.org/banner86_huge_cars_bikes.jpg,411,huge,cars,bikes,,
http://roller.org/banner87_small.jpg,584,small,,,,
http://roller.org/banner88_expensive_white_bikes.jpg,386,expensive,white,bikes,,
http://roller.org/banner89_small_bikes_expensive.jpg,487,small,bikes,expensive,,
http://roller.org/banner90_cheap_expensive.jpg,582,cheap,expensive,,,
http://roller.org/banner91_cars.jpg,895,cars,,,,
http://roller.org/banner92_huge_bikes.jpg,625,huge,bikes,,,
http://roller.org/banner93_expensive_cheap.jpg,755,expensive,cheap,,,
http://roller.org/banner94_expensive_small.jpg,322,expensive,small,,,
http://roller.org/banner95_white_black_expensive.jpg,800,white,black,expensive,,
http://roller.org/banner96_expensive.jpg,934,expensive,,,,
http://roller.org/banner97_cars.jpg,639,cars,,,,
http://roller.org/banner98_black.jpg,46,black,,,,
http://roller.org/banner99_cheap_bikes.jpg,70,cheap,bikes,,,
http://roller.org/banner100_cheap.jpg,954,cheap,,,,
http://roller.org/banner101_huge_cheap_small.jpg,762,huge,cheap,small,,
http://roller.org/banner102_white_black.jpg,704,white,black,,,
http://roller.org/banner103_bikes_expensive.jpg,298,bikes,expensive,,,
http://roller.org/banner104_small.jpg,653,small,,,,
http://roller.org/banner105_expensive_cheap.jpg,982,expensive,cheap,,,
http://roller.org/banner106_white_cars.jpg,59,white,cars,,,
http://roller.org/banner107_bikes.jpg,446,bikes,,,,
http://roller.org/banner108_black_bikes.jpg,414,black,bikes,,,
http://roller.org/banner109_white.jpg,279,white,,,,
http://roller.org/banner110_bikes_small_expensive.jpg,628,bikes,small,expensive,,
http://roller.org/banner111_small.jpg,950,small,,,,
http://roller.org/banner112_black.jpg,135,black,,,,
http://roller.org/banner113_white_cars_black.jpg,806,white,cars,black,,
http://roller.org/banner114_huge.jpg,323,huge,,,,
http://roller.org/banner115_cheap_bikes_small.jpg,984,cheap,bikes,small,,
http://roller.org/banner116_cheap_black.jpg,22,cheap,black,,,
http://roller.org/banner117_bikes_cheap_white_black_cars.jpg,459,bikes,cheap,white,black,cars
http://roller.org/banner118_huge_small_black.jpg,794,huge,small,black,,
http://roller.org/banner119_white_huge.jpg,606,white,huge,,,
http://roller.org/banner120_white_huge_black.jpg,408,white,huge,black,,
http://roller.org/banner121_white_black_small.jpg,714,white,black,small,,
http://roller.org/banner122_cars.jpg,469,cars,,,,
http://roller.org/banner123_cheap_huge.jpg,685,cheap,huge,,,
http://roller.org/banner124_black.jpg,379,black,,,,
http://roller.org/banner125_white.jpg,826,white,,,,
http://roller.org/banner126_black.jpg,616,black,,,,
http://roller.org/banner127_white_cars_black_expensive.jpg,603,white,cars,black,expensive,
http://roller.org/banner128_black.jpg,363,black,,,,
http://roller.org/banner129_cars_huge.jpg,982,cars,huge,,,
http://roller.org/banner130_expensive_white_bikes.jpg,958,expensive,white,bikes,,
http://roller.org/banner131_small.jpg,796,small,,,,
http://roller.org/banner132_cars_huge.jpg,796,cars,huge,,,
http://roller.org/banner133_black.jpg,134,black,,,,
http://roller.org/banner134_white.jpg,995,white,,,,
http://roller.org/banner135_cheap_small_bikes.jpg,960,cheap,small,bikes,,
http://roller.org/banner136_cars.jpg,368,cars,,,,
http://roller.org/banner137_small.jpg,131,small,,,,
http://roller.org/banner138_huge_black.jpg,425,huge,black,,,
http://roller.org/banner139_cheap_white_black.jpg,725,cheap,white,black,,
http://roller.org/banner140_cheap_expensive_white.jpg,509,cheap,expensive,white,,
http://roller.org/banner141_huge_small_black.jpg,375,huge,small,black,,
http://roller.org/banner142_white_cheap_black.jpg,178,white,cheap,black,,
http://roller.org/banner143_white.jpg,448,white,,,,
http://roller.org/banner144_small_cheap_cars_white_expensive.jpg,152,small,cheap,cars,white,expensive
http://roller.org/banner145_cheap_white_expensive.jpg,957,cheap,white,expensive,,
http://roller.org/banner146_bikes_small.jpg,980,bikes,small,,,
http://roller.org/banner147_white_huge_cars.jpg,28,white,huge,cars,,
http://roller.org/banner148_expensive.jpg,65,expensive,,,,
http://roller.org/banner149_cheap.jpg,371,cheap,,,,
http://roller.org/banner150_bikes_small.jpg,543,bikes,small,,,
http://roller.org/banner151_white_cars.jpg,750,white,cars,,,
http://roller.org/banner152_cheap_cars.jpg,695,cheap,cars,,,
http://roller.org/banner153_cheap.jpg,739,cheap,,,,
http://roller.org/banner154_expensive_bikes_black.jpg,917,expensive,bikes,black,,
http://roller.org/banner155_small_bikes_cheap_expensive.jpg,823,small,bikes,cheap,expensive,
http://roller.org/banner156_expensive_cars.jpg,376,expensive,cars,,,
http://roller.org/banner157_white_huge.jpg,324,white,huge,,,
http://roller.org/banner158_expensive_cheap.jpg,252,expensive,cheap,,,
http://roller.org/banner159_small.jpg,736,small,,,,
http://roller.org/banner160_bikes_black.jpg,949,bikes,black,,,
http://roller.org/banner161_bikes_small.jpg,910,bikes,small,,,
http://roller.org/banner162_black.jpg,888,black,,,,
http://roller.org/banner163_small.jpg,834,small,,,,
http://roller.org/banner164_cheap_black_cars.jpg,202,cheap,black,cars,,
http://roller.org/banner165_cheap.jpg,749,cheap,,,,
http://roller.org/banner166_cheap_expensive_cars.jpg,845,cheap,expensive,cars,,
http://roller.org/banner167_white_huge_bikes.jpg,721,white,huge,bikes,,
http://roller.org/banner168_bikes_black_white.jpg,593,bikes,black,white,,
http://roller.org/banner169_cars_white.jpg,790,cars,white,,,
http://roller.org/banner170_bikes_expensive_huge.jpg,633,bikes,expensive,huge,,
http://roller.org/banner171_black_cheap_expensive_huge_cars.jpg,1000,black,cheap,expensive,huge,cars
http://roller.org/banner172_white_small_huge_bikes.jpg,293,white,small,huge,bikes,
http://roller.org/banner173_small_white_expensive.jpg,131,small,white,expensive,,
http://roller.org/banner174_black_bikes_white.jpg,116,black,bikes,white,,
http://roller.org/banner175_cheap.jpg,949,cheap,,,,
http://roller.org/banner176_cars_small_expensive.jpg,200,cars,small,expensive,,
http://roller.org/banner177_black_huge.jpg,987,black,huge,,,
http://roller.org/banner178_expensive_bikes_black_white.jpg,774,expensive,bikes,black,white,
http://roller.org/banner179_cars_huge_cheap.jpg,383,cars,huge,cheap,,
http://roller.org/banner180_black.jpg,622,black,,,,
http://roller.org/banner181_white.jpg,456,white,,,,
http://roller.org/banner182_white_huge_bikes.jpg,431,white,huge,bikes,,
http://roller.org/banner183_bikes_huge.jpg,645,bikes,huge,,,
http://roller.org/banner184_bikes_huge.jpg,540,bikes,huge,,,
http://roller.org/banner185_huge.jpg,601,huge,,,,
http://roller.org/banner186_expensive_cars.jpg,298,expensive,cars,,,
http://roller.org/banner187_small_expensive_white_cars.jpg,579,small,expensive,white,cars,
http://roller.org/banner188_white_black_small_cars_huge.jpg,330,white,black,small,cars,huge
http://roller.org/banner189_bikes.jpg,75,bikes,,,,
http://roller.org/banner190_cars_black.jpg,874,cars,black,,,
http://roller.org/banner191_cars.jpg,120,cars,,,,
http://roller.org/banner192_expensive_cheap.jpg,626,expensive,cheap,,,
http://roller.org/banner193_expensive_white.jpg,97,expensive,white,,,
http://roller.org/banner194_cars.jpg,312,cars,,,,
http://roller.org/banner195_huge_expensive_small.jpg,321,huge,expensive,small,,
http://roller.org/banner196_cheap.jpg,644,cheap,,,,
http://roller.org/banner197_cheap_black.jpg,710,cheap,black,,,
http://roller.org/banner198_cars.jpg,135,cars,,,,
http://roller.org/banner199_expensive.jpg,611,expensive,,,,
http://roller.org/banner200_cheap_huge.jpg,685,cheap,huge,,,
http://roller.org/banner201_cars.jpg,677,cars,,,,
http://roller.org/banner202_cheap_expensive.jpg,708,cheap,expensive,,,
http://roller.org/banner203_huge_cars.jpg,233,huge,cars,,,
http://roller.org/banner204_huge_black_bikes.jpg,756,huge,black,bikes,,
http://roller.org/banner205_cheap.jpg,18,cheap,,,,
http://roller.org/banner206_bikes_black.jpg,978,bikes,black,,,
http://roller.org/banner207_small_huge.jpg,360,small,huge,,,
http://roller.org/banner208_small_black_huge.jpg,597,small,black,huge,,
http://roller.org/banner209_expensive_huge_black.jpg,37,expensive,huge,black,,
http://roller.org/banner210_bikes.jpg,766,bikes,,,,
http://roller.org/banner211_small.jpg,375,small,,,,
http://roller.org/banner212_small.jpg,104,small,,,,
http://roller.org/banner213_white.jpg,106,white,,,,
http://roller.org/banner214_small.jpg,72,small,,,,
http://roller.org/banner215_cars_bikes_white.jpg,560,cars,bikes,white,,
http://roller.org/banner216_bikes.jpg,122,bikes,,,,
http://roller.org/banner217_black_expensive.jpg,821,black,expensive,,,
http://roller.org/banner218_small_black_huge.jpg,873,small,black,huge,,
http://roller.org/banner219_cars_white.jpg,428,cars,white,,,
http://roller.org/banner220_expensive_cars_black_white.jpg,12,expensive,cars,black,white,
http://roller.org/banner221_expensive_small_bikes.jpg,745,expensive,small,bikes,,
http://roller.org/banner222_black_cheap_cars_huge_small.jpg,210,black,cheap,cars,huge,small
http://roller.org/banner223_cheap_expensive.jpg,386,cheap,expensive,,,
http://roller.org/banner224_small.jpg,213,small,,,,
http://roller.org/banner225_white_huge.jpg,284,white,huge,,,
http://roller.org/banner226_small_huge.jpg,76,small,huge,,,
http://roller.org/banner227_huge_expensive.jpg,689,huge,expensive,,,
http://roller.org/banner228_cars_expensive.jpg,47,cars,expensive,,,
http://roller.org/banner229_black.jpg,576,black,,,,
http://roller.org/banner230_cheap.jpg,201,cheap,,,,
http://roller.org/banner231_white.jpg,168,white,,,,
http://roller.org/banner232_white_bikes_cheap.jpg,958,white,bikes,cheap,,
http://roller.org/banner233_expensive.jpg,386,expensive,,,,
http://roller.org/banner234_white.jpg,806,white,,,,
http://roller.org/banner235_small.jpg,571,small,,,,
http://roller.org/banner236_cars_white.jpg,27,cars,white,,,
http://roller.org/banner237_white.jpg,470,white,,,,
http://roller.org/banner238_cheap.jpg,727,cheap,,,,
http://roller.org/banner239_white_cheap_small.jpg,60,white,cheap,small,,
http://roller.org/banner240_bikes_expensive.jpg,913,bikes,expensive,,,
http://roller.org/banner241_huge_bikes.jpg,225,huge,bikes,,,
http://roller.org/banner242_small_bikes.jpg,862,small,bikes,,,
http://roller.org/banner243_black.jpg,320,black,,,,
http://roller.org/banner244_white_cheap.jpg,123,white,cheap,,,
http://roller.org/banner245_cheap_bikes_white.jpg,94,cheap,bikes,white,,
http://roller.org/banner246_huge_bikes.jpg,767,huge,bikes,,,
http://roller.org/banner247_huge_expensive_bikes.jpg,706,huge,expensive,bikes,,
http://roller.org/banner248_white.jpg,41,white,,,,
http://roller.org/banner249_bikes_cars.jpg,689,bikes,cars,,,
http://roller.org/banner250_small.jpg,818,small,,,,
http://roller.org/banner251_white_bikes_huge.jpg,69,white,bikes,huge,,
http://roller.org/banner252_expensive_cars.jpg,862,expensive,cars,,,
http://roller.org/banner253_cheap.jpg,190,cheap,,,,
http://roller.org/banner254_bikes.jpg,507,bikes,,,,
http://roller.org/banner255_huge_expensive_cheap.jpg,443,huge,expensive,cheap,,
http://roller.org/banner256_small.jpg,169,small,,,,
http://roller.org/banner257_bikes_expensive_white.jpg,2,bikes,expensive,white,,
http://roller.org/banner258_white_black_expensive.jpg,929,white,black,expensive,,
http://roller.org/banner259_white.jpg,159,white,,,,
http://roller.org/banner260_expensive.jpg,471,expensive,,,,
http://roller.org/banner261_cheap_black.jpg,864,cheap,black,,,
http://roller.org/banner262_white.jpg,225,white,,,,
http://roller.org/banner263_cheap_small_black_white_cars.jpg,165,cheap,small,black,white,cars
http://roller.org/banner264_huge_black_white_expensive.jpg,881,huge,black,white,expensive,
http://roller.org/banner265_black.jpg,775,black,,,,
http://roller.org/banner266_expensive.jpg,178,expensive,,,,
http://roller.org/banner267_white.jpg,781,white,,,,
http://roller.org/banner268_small_cars_white.jpg,132,small,cars,white,,
http://roller.org/banner269_huge_small.jpg,661,huge,small,,,
http://roller.org/banner270_black_white.jpg,369,black,white,,,
http://roller.org/banner271_expensive.jpg,737,expensive,,,,
http://roller.org/banner272_expensive_small.jpg,694,expensive,small,,,
http://roller.org/banner273_cheap.jpg,174,cheap,,,,
http://roller.org/banner274_huge_cheap.jpg,281,huge,cheap,,,
http://roller.org/banner275_black_white.jpg,841,black,white,,,
http://roller.org/banner276_bikes_cars.jpg,791,bikes,cars,,,
http://roller.org/banner277_huge_cars.jpg,405,huge,cars,,,
http://roller.org/banner278_black.jpg,22,black,,,,
http://roller.org/banner279_white_small_cars.jpg,366,white,small,cars,,
http://roller.org/banner280_bikes.jpg,474,bikes,,,,
http://roller.org/banner281_black_cars.jpg,32,black,cars,,,
http://roller.org/banner282_white.jpg,734,white,,,,
http://roller.org/banner283_bikes_expensive_black.jpg,443,bikes,expensive,black,,
http://roller.org/banner284_expensive.jpg,546,expensive,,,,
http://roller.org/banner285_black.jpg,517,black,,,,
http://roller.org/banner286_expensive.jpg,631,expensive,,,,
http://roller.org/banner287_expensive_cheap_white_black.jpg,472,expensive,cheap,white,black,
http://roller.org/banner288_huge_expensive.jpg,559,huge,expensive,,,
http://roller.org/banner289_huge_cars.jpg,109,huge,cars,,,
http://roller.org/banner290_black.jpg,772,black,,,,
http://roller.org/banner291_huge.jpg,274,huge,,,,
http://roller.org/banner292_black_cars.jpg,870,black,cars,,,
http://roller.org/banner293_white_bikes.jpg,36,white,bikes,,,
http://roller.org/banner294_bikes_small_expensive_cheap_white.jpg,660,bikes,small,expensive,cheap,white
http://roller.org/banner295_white_cars_expensive.jpg,837,white,cars,expensive,,
http://roller.org/banner296_expensive_black_bikes.jpg,602,expensive,black,bikes,,
http://roller.org/banner297_expensive_huge.jpg,355,expensive,huge,,,
http://roller.org/banner298_expensive_bikes.jpg,612,expensive,bikes,,,
http://roller.org/banner299_bikes_cars_white.jpg,222,bikes,cars,white,,
http://roller.org/banner300_black_bikes.jpg,883,black,bikes,,,
http://roller.org/banner301_expensive.jpg,26,expensive,,,,
http://roller.org/banner302_white.jpg,397,white,,,,
http://roller.org/banner303_black_small.jpg,355,black,small,,,
http://roller.org/banner304_cheap.jpg,846,cheap,,,,
http://roller.org/banner305_huge_bikes.jpg,29,huge,bikes,,,
http://roller.org/banner306_cars.jpg,156,cars,,,,
http://roller.org/banner307_huge_white_cars.jpg,875,huge,white,cars,,
http://roller.org/banner308_small.jpg,418,small,,,,
http://roller.org/banner309_huge.jpg,888,huge,,,,
http://roller.org/banner310_cheap_black.jpg,103,cheap,black,,,
http://roller.org/banner311_small_white.jpg,41,small,white,,,
http://roller.org/banner312_black_expensive.jpg,541,black,expensive,,,
http://roller.org/banner313_white.jpg,464,white,,,,
http://roller.org/banner314_small_bikes.jpg,130,small,bikes,,,
http://roller.org/banner315_cheap.jpg,537,cheap,,,,
http://roller.org/banner316_bikes_huge.jpg,866,bikes,huge,,,
http://roller.org/banner317_cheap_white_bikes.jpg,85,cheap,white,bikes,,
http://roller.org/banner318_cheap_bikes_small.jpg,979,cheap,bikes,small,,
http://roller.org/banner319_bikes_huge.jpg,146,bikes,huge,,,
http://roller.org/banner320_black.jpg,634,black,,,,
http://roller.org/banner321_huge_white.jpg,729,huge,white,,,
http://roller.org/banner322_expensive_huge.jpg,632,expensive,huge,,,
http://roller.org/banner323_expensive_huge_bikes.jpg,809,expensive,huge,bikes,,
http://roller.org/banner324_huge_cars_small_expensive.jpg,421,huge,cars,small,expensive,
http://roller.org/banner325_huge_cheap_cars.jpg,243,huge,cheap,cars,,
http://roller.org/banner326_white.jpg,299,white,,,,
http://roller.org/banner327_black_white_expensive.jpg,358,black,white,expensive,,
http://roller.org/banner328_bikes_cars.jpg,671,bikes,cars,,,
http://roller.org/banner329_cars_black_white_small.jpg,303,cars,black,white,small,
http://roller.org/banner330_cars_small.jpg,681,cars,small,,,
http://roller.org/banner331_cars_white_black.jpg,349,cars,white,black,,
http://roller.org/banner332_cheap_cars_black_white_small.jpg,102,cheap,cars,black,white,small
http://roller.org/banner333_bikes.jpg,156,bikes,,,,
http://roller.org/banner334_bikes.jpg,73,bikes,,,,
http://roller.org/banner335_huge_cheap_white.jpg,473,huge,cheap,white,,
http://roller.org/banner336_huge_bikes.jpg,972,huge,bikes,,,
http://roller.org/banner337_small_cheap.jpg,635,small,cheap,,,
http://roller.org/banner338_bikes_small_huge.jpg,355,bikes,small,huge,,
http://roller.org/banner339_black_white_huge_cars_expensive.jpg,689,black,white,huge,cars,expensive
http://roller.org/banner340_expensive_bikes_cars_cheap.jpg,878,expensive,bikes,cars,cheap,
http://roller.org/banner341_cheap_expensive.jpg,768,cheap,expensive,,,
http://roller.org/banner342_bikes_huge.jpg,599,bikes,huge,,,
http://roller.org/banner343_expensive.jpg,569,expensive,,,,
http://roller.org/banner344_cars.jpg,118,cars,,,,
http://roller.org/banner345_huge_small.jpg,344,huge,small,,,
http://roller.org/banner346_expensive_huge_small.jpg,896,expensive,huge,small,,
http://roller.org/banner347_expensive.jpg,68,expensive,,,,
http://roller.org/banner348_black_white_bikes.jpg,368,black,white,bikes,,
http://roller.org/banner349_small_white_cars.jpg,764,small,white,cars,,
http://roller.org/banner350_cheap_small_black.jpg,6,cheap,small,black,,
http://roller.org/banner351_white.jpg,67,white,,,,
http://roller.org/banner352_white_bikes_huge_black_cheap.jpg,441,white,bikes,huge,black,cheap
http://roller.org/banner353_huge.jpg,472,huge,,,,
http://roller.org/banner354_black.jpg,464,black,,,,
http://roller.org/banner355_white_expensive.jpg,672,white,expensive,,,
http://roller.org/banner356_expensive_huge.jpg,243,expensive,huge,,,
http://roller.org/banner357_white_expensive_cars.jpg,445,white,expensive,cars,,
http://roller.org/banner358_cheap.jpg,743,cheap,,,,
http://roller.org/banner359_small_black.jpg,153,small,black,,,
http://roller.org/banner360_small.jpg,611,small,,,,
http://roller.org/banner361_cheap_small_expensive_bikes.jpg,499,cheap,small,expensive,bikes,
http://roller.org/banner362_white.jpg,735,white,,,,
http://roller.org/banner363_huge.jpg,143,huge,,,,
http://roller.org/banner364_cheap_white.jpg,278,cheap,white,,,
http://roller.org/banner365_huge_black.jpg,275,huge,black,,,
http://roller.org/banner366_white_cars_cheap_huge.jpg,724,white,cars,cheap,huge,
http://roller.org/banner367_cars_small.jpg,463,cars,small,,,
http://roller.org/banner368_cheap_small.jpg,879,cheap,small,,,
http://roller.org/banner369_black_huge.jpg,643,black,huge,,,
http://roller.org/banner370_cars_black_cheap.jpg,914,cars,black,cheap,,
http://roller.org/banner371_expensive_cheap_small_bikes_cars.jpg,787,expensive,cheap,small,bikes,cars
http://roller.org/banner372_expensive.jpg,84,expensive,,,,
http://roller.org/banner373_huge.jpg,580,huge,,,,
http://roller.org/banner374_black_small.jpg,525,black,small,,,
http://roller.org/banner375_expensive_small_huge.jpg,920,expensive,small,huge,,
http://roller.org/banner376_bikes.jpg,376,bikes,,,,
http://roller.org/banner377_huge_cars.jpg,53,huge,cars,,,
http://roller.org/banner378_small.jpg,459,small,,,,
http://roller.org/banner379_small.jpg,323,small,,,,
http://roller.org/banner380_expensive_small_black.jpg,322,expensive,small,black,,
http://roller.org/banner381_small_black.jpg,397,small,black,,,
http://roller.org/banner382_black_bikes_huge_expensive.jpg,943,black,bikes,huge,expensive,
http://roller.org/banner383_cheap_black_bikes_huge_expensive.jpg,12,cheap,black,bikes,huge,expensive
http://roller.org/banner384_black_huge_cheap.jpg,661,black,huge,cheap,,
http://roller.org/banner385_small.jpg,753,small,,,,
http://roller.org/banner386_bikes_cars_black.jpg,11,bikes,cars,black,,
http://roller.org/banner387_expensive.jpg,232,expensive,,,,
http://roller.org/banner388_white.jpg,755,white,,,,
http://roller.org/banner389_bikes_cars_white_cheap_huge.jpg,888,bikes,cars,white,cheap,huge
http://roller.org/banner390_expensive_black.jpg,915,expensive,black,,,
http://roller.org/banner391_cheap_huge_black_expensive.jpg,336,cheap,huge,black,expensive,
http://roller.org/banner392_black.jpg,533,black,,,,
http://roller.org/banner393_cars.jpg,329,cars,,,,
http://roller.org/banner394_black_cheap.jpg,70,black,cheap,,,
http://roller.org/banner395_cheap_expensive.jpg,984,cheap,expensive,,,
http://roller.org/banner396_white.jpg,762,white,,,,
http://roller.org/banner397_bikes.jpg,505,bikes,,,,
http://roller.org/banner398_black_cheap.jpg,629,black,cheap,,,
http://roller.org/banner399_small.jpg,44,small,,,,
http://roller.org/banner400_bikes.jpg,291,bikes,,,,
http://roller.org/banner401_expensive_cars_bikes_small_cheap.jpg,130,expensive,cars,bikes,small,cheap
http://roller.org/banner402_small_cheap.jpg,717,small,cheap,,,
http://roller.org/banner403_bikes.jpg,590,bikes,,,,
http://roller.org/banner404_white_black.jpg,853,white,black,,,
http://roller.org/banner405_cars_white.jpg,724,cars,white,,,
http://roller.org/banner406_white_huge_black.jpg,520,white,huge,black,,
http://roller.org/banner407_expensive.jpg,789,expensive,,,,
http://roller.org/banner408_black.jpg,935,black,,,,
http://roller.org/banner409_huge.jpg,839,huge,,,,
http://roller.org/banner410_black.jpg,625,black,,,,
http://roller.org/banner411_cheap_small_huge_expensive_bikes.jpg,835,cheap,small,huge,expensive,bikes
http://roller.org/banner412_small_black_white.jpg,221,small,black,white,,
http://roller.org/banner413_small.jpg,183,small,,,,
http://roller.org/banner414_cheap_huge_bikes.jpg,821,cheap,huge,bikes,,
http://roller.org/banner415_cheap.jpg,243,cheap,,,,
http://roller.org/banner416_small.jpg,41,small,,,,
http://roller.org/banner417_white_expensive.jpg,441,white,expensive,,,
http://roller.org/banner418_bikes.jpg,970,bikes,,,,
http://roller.org/banner419_black_cheap_white.jpg,159,black,cheap,white,,
http://roller.org/banner420_black.jpg,937,black,,,,
http://roller.org/banner421_bikes.jpg,630,bikes,,,,
http://roller.org/banner422_cheap_black_huge.jpg,132,cheap,black,huge,,
http://roller.org/banner423_bikes_huge.jpg,335,bikes,huge,,,
http://roller.org/banner424_black.jpg,94,black,,,,
http://roller.org/banner425_black_cars.jpg,551,black,cars,,,
http://roller.org/banner426_huge.jpg,665,huge,,,,
http://roller.org/banner427_black_huge.jpg,371,black,huge,,,
http://roller.org/banner428_small_expensive_cars.jpg,974,small,expensive,cars,,
http://roller.org/banner429_small_expensive_bikes_white_cheap.jpg,454,small,expensive,bikes,white,cheap
http://roller.org/banner430_cars_black_bikes.jpg,513,cars,black,bikes,,
http://roller.org/banner431_small.jpg,421,small,,,,
http://roller.org/banner432_black.jpg,386,black,,,,
http://roller.org/banner433_bikes.jpg,624,bikes,,,,
http://roller.org/banner434_huge_small.jpg,263,huge,small,,,
http://roller.org/banner435_cars_cheap_huge_bikes.jpg,318,cars,cheap,huge,bikes,
http://roller.org/banner436_black_huge_small.jpg,550,black,huge,small,,
http://roller.org/banner437_huge_small_cars.jpg,150,huge,small,cars,,
http://roller.org/banner438_cheap.jpg,254,cheap,,,,
http://roller.org/banner439_huge_black.jpg,415,huge,black,,,
http://roller.org/banner440_bikes.jpg,154,bikes,,,,
http://roller.org/banner441_black_small_cars_expensive.jpg,786,black,small,cars,expensive,
http://roller.org/banner442_huge.jpg,661,huge,,,,
http://roller.org/banner443_black_expensive_huge_cheap.jpg,401,black,expensive,huge,cheap,
http://roller.org/banner444_cheap_expensive_bikes_white_cars.jpg,337,cheap,expensive,bikes,white,cars
http://roller.org/banner445_expensive.jpg,314,expensive,,,,
http://roller.org/banner446_huge_cheap.jpg,198,huge,cheap,,,
http://roller.org/banner447_cars_white.jpg,848,cars,white,,,
http://roller.org/banner448_bikes_small_black_huge_cars.jpg,245,bikes,small,black,huge,cars
http://roller.org/banner449_black.jpg,988,black,,,,
http://roller.org/banner450_cheap_black_bikes_expensive.jpg,75,cheap,black,bikes,expensive,
http://roller.org/banner451_cars_expensive_black_small_white.jpg,498,cars,expensive,black,small,white
http://roller.org/banner452_cars.jpg,126,cars,,,,
http://roller.org/banner453_black_cheap_expensive.jpg,312,black,cheap,expensive,,
http://roller.org/banner454_black_white.jpg,687,black,white,,,
http://roller.org/banner455_huge.jpg,458,huge,,,,
http://roller.org/banner456_black_cars_cheap_small.jpg,692,black,cars,cheap,small,
http://roller.org/banner457_expensive.jpg,469,expensive,,,,
http://roller.org/banner458_cars.jpg,881,cars,,,,
http://roller.org/banner459_expensive.jpg,482,expensive,,,,
http://roller.org/banner460_cheap.jpg,348,cheap,,,,
http://roller.org/banner461_expensive_bikes.jpg,185,expensive,bikes,,,
http://roller.org/banner462_expensive_huge_white.jpg,858,expensive,huge,white,,
http://roller.org/banner463_cars_white_black_expensive_huge.jpg,2,cars,white,black,expensive,huge
http://roller.org/banner464_bikes.jpg,770,bikes,,,,
http://roller.org/banner465_expensive_black_cars_huge_cheap.jpg,618,expensive,black,cars,huge,cheap
http://roller.org/banner466_black_expensive.jpg,943,black,expensive,,,
http://roller.org/banner467_bikes_black_small.jpg,505,bikes,black,small,,
http://roller.org/banner468_cheap_expensive.jpg,353,cheap,expensive,,,
http://roller.org/banner469_black_cheap.jpg,856,black,cheap,,,
http://roller.org/banner470_black_cars_white.jpg,208,black,cars,white,,
http://roller.org/banner471_black.jpg,531,black,,,,
http://roller.org/banner472_huge.jpg,865,huge,,,,
http://roller.org/banner473_cheap_small.jpg,576,cheap,small,,,
http://roller.org/banner474_cars.jpg,149,cars,,,,
http://roller.org/banner475_white.jpg,18,white,,,,
http://roller.org/banner476_expensive_cars.jpg,185,expensive,cars,,,
http://roller.org/banner477_cheap.jpg,235,cheap,,,,
http://roller.org/banner478_white.jpg,135,white,,,,
http://roller.org/banner479_cheap.jpg,178,cheap,,,,
http://roller.org/banner480_white.jpg,367,white,,,,
http://roller.org/banner481_cars_bikes.jpg,432,cars,bikes,,,
http://roller.org/banner482_huge_cheap_small.jpg,717,huge,cheap,small,,
http://roller.org/banner483_expensive_black.jpg,15,expensive,black,,,
http://roller.org/banner484_white.jpg,570,white,,,,
http://roller.org/banner485_huge_small_black_expensive.jpg,542,huge,small,black,expensive,
http://roller.org/banner486_huge_white_cars.jpg,581,huge,white,cars,,
http://roller.org/banner487_bikes_white.jpg,798,bikes,white,,,
http://roller.org/banner488_cheap_expensive_black_huge.jpg,736,cheap,expensive,black,huge,
http://roller.org/banner489_black_white.jpg,836,black,white,,,
http://roller.org/banner490_black.jpg,366,black,,,,
http://roller.org/banner491_expensive_small.jpg,650,expensive,small,,,
http://roller.org/banner492_white.jpg,327,white,,,,
http://roller.org/banner493_white_bikes.jpg,797,white,bikes,,,
http://roller.org/banner494_cars.jpg,640,cars,,,,
http://roller.org/banner495_cars.jpg,787,cars,,,,
http://roller.org/banner496_white_bikes.jpg,689,white,bikes,,,
http://roller.org/banner497_small_black_bikes_huge.jpg,381,small,black,bikes,huge,
http://roller.org/banner498_cars_small_white_black.jpg,677,cars,small,white,black,
http://roller.org/banner499_cheap.jpg,644,cheap,,,,
http://roller.org/banner500_small.jpg,244,small,,,,
http://roller.org/banner501_bikes.jpg,836,bikes,,,,
http://roller.org/banner502_expensive.jpg,815,expensive,,,,
http://roller.org/banner503_expensive_small.jpg,264,expensive,small,,,
http://roller.org/banner504_small_white_bikes_cheap.jpg,940,small,white,bikes,cheap,
http://roller.org/banner505_expensive_black.jpg,871,expensive,black,,,
http://roller.org/banner506_cars.jpg,225,cars,,,,
http://roller.org/banner507_small_cheap_huge.jpg,627,small,cheap,huge,,
http://roller.org/banner508_expensive_bikes_cars_black_white.jpg,939,expensive,bikes,cars,black,white
http://roller.org/banner509_expensive_black_bikes.jpg,866,expensive,black,bikes,,
http://roller.org/banner510_cars_expensive_bikes.jpg,211,cars,expensive,bikes,,
http://roller.org/banner511_expensive_black.jpg,922,expensive,black,,,
http://roller.org/banner512_small_expensive.jpg,448,small,expensive,,,
http://roller.org/banner513_cars_cheap.jpg,226,cars,cheap,,,
http://roller.org/banner514_bikes.jpg,23,bikes,,,,
http://roller.org/banner515_bikes.jpg,471,bikes,,,,
http://roller.org/banner516_bikes_black_cheap.jpg,891,bikes,black,cheap,,
http://roller.org/banner517_expensive_huge.jpg,364,expensive,huge,,,
http://roller.org/banner518_cheap.jpg,707,cheap,,,,
http://roller.org/banner519_cars.jpg,488,cars,,,,
http://roller.org/banner520_cars.jpg,13,cars,,,,
http://roller.org/banner521_huge_cheap.jpg,222,huge,cheap,,,
http://roller.org/banner522_bikes_cheap.jpg,275,bikes,cheap,,,
http://roller.org/banner523_white_black.jpg,89,white,black,,,
http://roller.org/banner524_cars.jpg,711,cars,,,,
http://roller.org/banner525_small.jpg,270,small,,,,
http://roller.org/banner526_white_cars_black.jpg,705,white,cars,black,,
http://roller.org/banner527_small_cheap.jpg,770,small,cheap,,,
http://roller.org/banner528_small.jpg,319,small,,,,
http://roller.org/banner529_white.jpg,403,white,,,,
http://roller.org/banner530_black_huge_bikes_small_white.jpg,461,black,huge,bikes,small,white
http://roller.org/banner531_white_black_cars.jpg,294,white,black,cars,,
http://roller.org/banner532_bikes_expensive.jpg,56,bikes,expensive,,,
http://roller.org/banner533_cars.jpg,955,cars,,,,
http://roller.org/banner534_huge.jpg,6,huge,,,,
http://roller.org/banner535_bikes_white_expensive.jpg,143,bikes,white,expensive,,
http://roller.org/banner536_small_black_huge_white.jpg,269,small,black,huge,white,
http://roller.org/banner537_huge.jpg,578,huge,,,,
http://roller.org/banner538_expensive_small.jpg,76,expensive,small,,,
http://roller.org/banner539_expensive_small_black.jpg,437,expensive,small,black,,
http://roller.org/banner540_bikes_huge_white.jpg,786,bikes,huge,white,,
http://roller.org/banner541_cheap.jpg,136,cheap,,,,
http://roller.org/banner542_white.jpg,634,white,,,,
http://roller.org/banner543_black_expensive_huge.jpg,873,black,expensive,huge,,
http://roller.org/banner544_cars.jpg,74,cars,,,,
http://roller.org/banner545_cars_small_bikes.jpg,161,cars,small,bikes,,
http://roller.org/banner546_small.jpg,576,small,,,,
http://roller.org/banner547_small_cars_bikes_huge_white.jpg,347,small,cars,bikes,huge,white
http://roller.org/banner548_black_cars.jpg,552,black,cars,,,
http://roller.org/banner549_cheap_expensive_cars.jpg,123,cheap,expensive,cars,,
http://roller.org/banner550_black_huge_cars_bikes_white.jpg,608,black,huge,cars,bikes,white
http://roller.org/banner551_white.jpg,400,white,,,,
http://roller.org/banner552_small_cars_white.jpg,175,small,cars,white,,
http://roller.org/banner553_white.jpg,758,white,,,,
http://roller.org/banner554_cheap.jpg,88,cheap,,,,
http://roller.org/banner555_bikes_cars_huge.jpg,498,bikes,cars,huge,,
http://roller.org/banner556_cars.jpg,929,cars,,,,
http://roller.org/banner557_expensive.jpg,729,expensive,,,,
http://roller.org/banner558_cheap.jpg,724,cheap,,,,
http://roller.org/banner559_white_huge.jpg,16,white,huge,,,
http://roller.org/banner560_cars_cheap.jpg,86,cars,cheap,,,
http://roller.org/banner561_expensive.jpg,508,expensive,,,,
http://roller.org/banner562_cheap_expensive.jpg,626,cheap,expensive,,,
http://roller.org/banner563_black.jpg,895,black,,,,
http://roller.org/banner564_small_bikes_black.jpg,577,small,bikes,black,,
http://roller.org/banner565_cheap_bikes.jpg,801,cheap,bikes,,,
http://roller.org/banner566_small_black.jpg,798,small,black,,,
http://roller.org/banner567_expensive.jpg,96,expensive,,,,
http://roller.org/banner568_cheap.jpg,5,cheap,,,,
http://roller.org/banner569_small.jpg,170,small,,,,
http://roller.org/banner570_bikes.jpg,990,bikes,,,,
http://roller.org/banner571_bikes_cars_huge.jpg,205,bikes,cars,huge,,
http://roller.org/banner572_cheap_black.jpg,542,cheap,black,,,
http://roller.org/banner573_bikes_white_black.jpg,136,bikes,white,black,,
http://roller.org/banner574_expensive_cheap_huge.jpg,138,expensive,cheap,huge,,
http://roller.org/banner575_white_small_expensive_cars.jpg,191,white,small,expensive,cars,
http://roller.org/banner576_white_cars.jpg,410,white,cars,,,
http://roller.org/banner577_bikes_huge_small_cars_black.jpg,336,bikes,huge,small,cars,black
http://roller.org/banner578_huge_cars.jpg,51,huge,cars,,,
http://roller.org/banner579_cheap_huge.jpg,69,cheap,huge,,,
http://roller.org/banner580_white.jpg,130,white,,,,
http://roller.org/banner581_expensive_huge.jpg,569,expensive,huge,,,
http://roller.org/banner582_huge_small_expensive.jpg,935,huge,small,expensive,,
http://roller.org/banner583_bikes.jpg,315,bikes,,,,
http://roller.org/banner584_huge.jpg,536,huge,,,,
http://roller.org/banner585_cheap_bikes.jpg,556,cheap,bikes,,,
http://roller.org/banner586_huge_cheap.jpg,895,huge,cheap,,,
http://roller.org/banner587_cars_expensive.jpg,171,cars,expensive,,,
http://roller.org/banner588_cheap_white.jpg,22,cheap,white,,,
http://roller.org/banner589_cars_black_expensive.jpg,345,cars,black,expensive,,
http://roller.org/banner590_bikes_expensive_white.jpg,673,bikes,expensive,white,,
http://roller.org/banner591_expensive.jpg,496,expensive,,,,
http://roller.org/banner592_black.jpg,973,black,,,,
http://roller.org/banner593_small.jpg,635,small,,,,
http://roller.org/banner594_white_cars.jpg,487,white,cars,,,
http://roller.org/banner595_black_cheap.jpg,155,black,cheap,,,
http://roller.org/banner596_cheap_black.jpg,42,cheap,black,,,
http://roller.org/banner597_white_expensive_cheap.jpg,53,white,expensive,cheap,,
http://roller.org/banner598_cars.jpg,441,cars,,,,
http://roller.org/banner599_cheap_bikes_huge_black.jpg,852,cheap,bikes,huge,black,
http://roller.org/banner600_small.jpg,174,small,,,,
http://roller.org/banner601_white.jpg,488,white,,,,
http://roller.org/banner602_cheap_huge_bikes.jpg,707,cheap,huge,bikes,,
http://roller.org/banner603_expensive.jpg,303,expensive,,,,
http://roller.org/banner604_bikes_white.jpg,526,bikes,white,,,
http://roller.org/banner605_cheap_black_huge.jpg,951,cheap,black,huge,,
http://roller.org/banner606_white.jpg,442,white,,,,
http://roller.org/banner607_cars.jpg,314,cars,,,,
http://roller.org/banner608_cars.jpg,525,cars,,,,
http://roller.org/banner609_cheap.jpg,0,cheap,,,,
http://roller.org/banner610_black_white.jpg,227,black,white,,,
http://roller.org/banner611_small_white.jpg,754,small,white,,,
http://roller.org/banner612_expensive_black.jpg,55,expensive,black,,,
http://roller.org/banner613_white_small.jpg,1,white,small,,,
http://roller.org/banner614_bikes_cheap.jpg,838,bikes,cheap,,,
http://roller.org/banner615_expensive_huge.jpg,880,expensive,huge,,,
http://roller.org/banner616_cars.jpg,718,cars,,,,
http://roller.org/banner617_white_bikes.jpg,420,white,bikes,,,
http://roller.org/banner618_expensive_huge.jpg,892,expensive,huge,,,
http://roller.org/banner619_white_cars_black_huge.jpg,97,white,cars,black,huge,
http://roller.org/banner620_black.jpg,907,black,,,,
http://roller.org/banner621_expensive.jpg,179,expensive,,,,
http://roller.org/banner622_bikes.jpg,805,bikes,,,,
http://roller.org/banner623_expensive.jpg,915,expensive,,,,
http://roller.org/banner624_huge_white.jpg,391,huge,white,,,
http://roller.org/banner625_cheap.jpg,46,cheap,,,,
http://roller.org/banner626_cheap.jpg,986,cheap,,,,
http://roller.org/banner627_black.jpg,783,black,,,,
http://roller.org/banner628_expensive_cars.jpg,757,expensive,cars,,,
http://roller.org/banner629_black_expensive_small.jpg,794,black,expensive,small,,
http://roller.org/banner630_huge.jpg,1,huge,,,,
http://roller.org/banner631_small_white_cars_expensive.jpg,791,small,white,cars,expensive,
http://roller.org/banner632_cheap_bikes_black.jpg,435,cheap,bikes,black,,
http://roller.org/banner633_expensive_black_cars.jpg,645,expensive,black,cars,,
http://roller.org/banner634_black_small.jpg,575,black,small,,,
http://roller.org/banner635_black_small.jpg,818,black,small,,,
http://roller.org/banner636_white_cheap.jpg,732,white,cheap,,,
http://roller.org/banner637_cheap_huge_bikes.jpg,253,cheap,huge,bikes,,
http://roller.org/banner638_white.jpg,880,white,,,,
http://roller.org/banner639_cars_expensive.jpg,456,cars,expensive,,,
http://roller.org/banner640_bikes_black.jpg,828,bikes,black,,,
http://roller.org/banner641_cheap_bikes.jpg,280,cheap,bikes,,,
http://roller.org/banner642_small.jpg,364,small,,,,
http://roller.org/banner643_cheap_white_huge.jpg,914,cheap,white,huge,,
http://roller.org/banner644_white.jpg,352,white,,,,
http://roller.org/banner645_small_black_huge.jpg,743,small,black,huge,,
http://roller.org/banner646_small_cheap_bikes_expensive_huge.jpg,923,small,cheap,bikes,expensive,huge
http://roller.org/banner647_expensive.jpg,609,expensive,,,,
http://roller.org/banner648_cheap.jpg,581,cheap,,,,
http://roller.org/banner649_huge_black.jpg,162,huge,black,,,
http://roller.org/banner650_black.jpg,442,black,,,,
http://roller.org/banner651_white.jpg,637,white,,,,
http://roller.org/banner652_cars.jpg,962,cars,,,,
http://roller.org/banner653_bikes.jpg,652,bikes,,,,
http://roller.org/banner654_huge_cars.jpg,527,huge,cars,,,
http://roller.org/banner655_white_black_cheap.jpg,852,white,black,cheap,,
http://roller.org/banner656_small_cars_bikes_huge_white.jpg,153,small,cars,bikes,huge,white
http://roller.org/banner657_small_cheap.jpg,145,small,cheap,,,
http://roller.org/banner658_white_expensive.jpg,23,white,expensive,,,
http://roller.org/banner659_expensive_black_small.jpg,372,expensive,black,small,,
http://roller.org/banner660_small.jpg,132,small,,,,
http://roller.org/banner661_cars_expensive_cheap.jpg,138,cars,expensive,cheap,,
http://roller.org/banner662_bikes_expensive_white.jpg,879,bikes,expensive,white,,
http://roller.org/banner663_bikes_expensive_small.jpg,522,bikes,expensive,small,,
http://roller.org/banner664_small.jpg,70,small,,,,
http://roller.org/banner665_black_cheap.jpg,683,black,cheap,,,
http://roller.org/banner666_white.jpg,420,white,,,,
http://roller.org/banner667_huge.jpg,194,huge,,,,
http://roller.org/banner668_black.jpg,353,black,,,,
http://roller.org/banner669_small_white_cars.jpg,761,small,white,cars,,
http://roller.org/banner670_huge.jpg,924,huge,,,,
http://roller.org/banner671_cheap_huge_expensive_cars_black.jpg,380,cheap,huge,expensive,cars,black
http://roller.org/banner672_expensive_black_cars_cheap_bikes.jpg,573,expensive,black,cars,cheap,bikes
http://roller.org/banner673_black_expensive_huge.jpg,287,black,expensive,huge,,
http://roller.org/banner674_bikes.jpg,801,bikes,,,,
http://roller.org/banner675_black_cars.jpg,473,black,cars,,,
http://roller.org/banner676_bikes_huge_small_white_black.jpg,173,bikes,huge,small,white,black
http://roller.org/banner677_black_cars.jpg,943,black,cars,,,
http://roller.org/banner678_white_huge.jpg,514,white,huge,,,
http://roller.org/banner679_bikes_black_small_expensive.jpg,863,bikes,black,small,expensive,
http://roller.org/banner680_cars_black.jpg,338,cars,black,,,
http://roller.org/banner681_cheap.jpg,736,cheap,,,,
http://roller.org/banner682_black.jpg,705,black,,,,
http://roller.org/banner683_black.jpg,671,black,,,,
http://roller.org/banner684_huge_black.jpg,833,huge,black,,,
http://roller.org/banner685_small.jpg,830,small,,,,
http://roller.org/banner686_white_black_expensive_small_huge.jpg,895,white,black,expensive,small,huge
http://roller.org/banner687_bikes.jpg,250,bikes,,,,
http://roller.org/banner688_black_expensive.jpg,381,black,expensive,,,
http://roller.org/banner689_huge.jpg,721,huge,,,,
http://roller.org/banner690_black.jpg,183,black,,,,
http://roller.org/banner691_small_cheap_bikes_black.jpg,92,small,cheap,bikes,black,
http://roller.org/banner692_cars_small_expensive.jpg,32,cars,small,expensive,,
http://roller.org/banner693_black_cars.jpg,474,black,cars,,,
http://roller.org/banner694_black.jpg,786,black,,,,
http://roller.org/banner695_black_white.jpg,756,black,white,,,
http://roller.org/banner696_white_bikes_small_cars_cheap.jpg,935,white,bikes,small,cars,cheap
http://roller.org/banner697_huge_small_cars.jpg,272,huge,small,cars,,
http://roller.org/banner698_huge_black.jpg,519,huge,black,,,
http://roller.org/banner699_small_white.jpg,314,small,white,,,
http://roller.org/banner700_bikes.jpg,26,bikes,,,,
http://roller.org/banner701_cars.jpg,140,cars,,,,
http://roller.org/banner702_expensive.jpg,384,expensive,,,,
http://roller.org/banner703_huge.jpg,470,huge,,,,
http://roller.org/banner704_small_cars.jpg,760,small,cars,,,
http://roller.org/banner705_bikes.jpg,418,bikes,,,,
http://roller.org/banner706_expensive.jpg,375,expensive,,,,
http://roller.org/banner707_white_huge.jpg,43,white,huge,,,
http://roller.org/banner708_white.jpg,158,white,,,,
http://roller.org/banner709_cars_huge.jpg,398,cars,huge,,,
http://roller.org/banner710_huge.jpg,447,huge,,,,
http://roller.org/banner711_bikes_cars.jpg,902,bikes,cars,,,
http://roller.org/banner712_cheap_small.jpg,894,cheap,small,,,
http://roller.org/banner713_cheap_cars.jpg,31,cheap,cars,,,
http://roller.org/banner714_white.jpg,679,white,,,,
http://roller.org/banner715_huge.jpg,950,huge,,,,
http://roller.org/banner716_black.jpg,334,black,,,,
http://roller.org/banner717_white_small_huge.jpg,141,white,small,huge,,
http://roller.org/banner718_bikes.jpg,483,bikes,,,,
http://roller.org/banner719_expensive_white.jpg,509,expensive,white,,,
http://roller.org/banner720_cheap_huge.jpg,628,cheap,huge,,,
http://roller.org/banner721_cheap.jpg,256,cheap,,,,
http://roller.org/banner722_cars_expensive_white.jpg,277,cars,expensive,white,,
http://roller.org/banner723_bikes_black.jpg,488,bikes,black,,,
http://roller.org/banner724_huge_bikes.jpg,433,huge,bikes,,,
http://roller.org/banner725_black_expensive.jpg,677,black,expensive,,,
http://roller.org/banner726_expensive_bikes_cheap.jpg,633,expensive,bikes,cheap,,
http://roller.org/banner727_white_small_expensive.jpg,955,white,small,expensive,,
http://roller.org/banner728_small.jpg,838,small,,,,
http://roller.org/banner729_small.jpg,980,small,,,,
http://roller.org/banner730_small.jpg,28,small,,,,
http://roller.org/banner731_white_cheap_black.jpg,153,white,cheap,black,,
http://roller.org/banner732_huge_black.jpg,460,huge,black,,,
http://roller.org/banner733_cheap.jpg,874,cheap,,,,
http://roller.org/banner734_expensive.jpg,675,expensive,,,,
http://roller.org/banner735_huge_bikes_cheap_cars_black.jpg,258,huge,bikes,cheap,cars,black
http://roller.org/banner736_bikes.jpg,696,bikes,,,,
http://roller.org/banner737_bikes_cheap_white.jpg,592,bikes,cheap,white,,
http://roller.org/banner738_cheap.jpg,75,cheap,,,,
http://roller.org/banner739_white_black.jpg,524,white,black,,,
http://roller.org/banner740_black.jpg,359,black,,,,
http://roller.org/banner741_white.jpg,133,white,,,,
http://roller.org/banner742_huge.jpg,788,huge,,,,
http://roller.org/banner743_expensive_bikes_black.jpg,868,expensive,bikes,black,,
http://roller.org/banner744_black_expensive.jpg,402,black,expensive,,,
http://roller.org/banner745_black_huge.jpg,94,black,huge,,,
http://roller.org/banner746_white_black.jpg,316,white,black,,,
http://roller.org/banner747_cheap_huge.jpg,125,cheap,huge,,,
http://roller.org/banner748_bikes.jpg,686,bikes,,,,
http://roller.org/banner749_cars_white.jpg,34,cars,white,,,
http://roller.org/banner750_cheap_cars.jpg,186,cheap,cars,,,
http://roller.org/banner751_cars_small_black.jpg,910,cars,small,black,,
http://roller.org/banner752_expensive_huge_cars.jpg,754,expensive,huge,cars,,
http://roller.org/banner753_white.jpg,920,white,,,,
http://roller.org/banner754_expensive_small.jpg,982,expensive,small,,,
http://roller.org/banner755_bikes_small_cheap_expensive_white.jpg,388,bikes,small,cheap,expensive,white
http://roller.org/banner756_expensive.jpg,44,expensive,,,,
http://roller.org/banner757_cars.jpg,230,cars,,,,
http://roller.org/banner758_black.jpg,244,black,,,,
http://roller.org/banner759_white_small_bikes.jpg,248,white,small,bikes,,
http://roller.org/banner760_small_huge.jpg,42,small,huge,,,
http://roller.org/banner761_expensive_cars_huge.jpg,428,expensive,cars,huge,,
http://roller.org/banner762_expensive_white.jpg,465,expensive,white,,,
http://roller.org/banner763_black_small_cheap_huge.jpg,968,black,small,cheap,huge,
http://roller.org/banner764_black_huge.jpg,68,black,huge,,,
http://roller.org/banner765_white.jpg,87,white,,,,
http://roller.org/banner766_cheap.jpg,105,cheap,,,,
http://roller.org/banner767_small.jpg,568,small,,,,
http://roller.org/banner768_cars.jpg,630,cars,,,,
http://roller.org/banner769_bikes.jpg,78,bikes,,,,
http://roller.org/banner770_small.jpg,36,small,,,,
http://roller.org/banner771_black_huge_small.jpg,187,black,huge,small,,
http://roller.org/banner772_black_cars_huge.jpg,201,black,cars,huge,,
http://roller.org/banner773_white_expensive_bikes.jpg,339,white,expensive,bikes,,
http://roller.org/banner774_small_cheap.jpg,42,small,cheap,,,
http://roller.org/banner775_expensive_cars.jpg,743,expensive,cars,,,
http://roller.org/banner776_black.jpg,168,black,,,,
http://roller.org/banner777_small_cars.jpg,195,small,cars,,,
http://roller.org/banner778_small.jpg,947,small,,,,
http://roller.org/banner779_bikes.jpg,574,bikes,,,,
http://roller.org/banner780_white_cars_cheap.jpg,179,white,cars,cheap,,
http://roller.org/banner781_bikes_cheap.jpg,840,bikes,cheap,,,
http://roller.org/banner782_black_white_huge_small.jpg,759,black,white,huge,small,
http://roller.org/banner783_expensive_cheap_bikes.jpg,16,expensive,cheap,bikes,,
http://roller.org/banner784_cheap.jpg,493,cheap,,,,
http://roller.org/banner785_cheap.jpg,665,cheap,,,,
http://roller.org/banner786_black.jpg,679,black,,,,
http://roller.org/banner787_small_huge.jpg,138,small,huge,,,
http://roller.org/banner788_black_white_expensive.jpg,268,black,white,expensive,,
http://roller.org/banner789_black_bikes.jpg,87,black,bikes,,,
http://roller.org/banner790_huge_cars.jpg,163,huge,cars,,,
http://roller.org/banner791_cheap.jpg,762,cheap,,,,
http://roller.org/banner792_small_black_bikes_huge_cars.jpg,972,small,black,bikes,huge,cars
http://roller.org/banner793_black_white.jpg,713,black,white,,,
http://roller.org/banner794_cheap_huge.jpg,431,cheap,huge,,,
http://roller.org/banner795_bikes.jpg,757,bikes,,,,
http://roller.org/banner796_cars_expensive_cheap.jpg,827,cars,expensive,cheap,,
http://roller.org/banner797_huge_black_bikes.jpg,133,huge,black,bikes,,
http://roller.org/banner798_small.jpg,391,small,,,,
http://roller.org/banner799_expensive_bikes_white_cars_huge.jpg,43,expensive,bikes,white,cars,huge
http://roller.org/banner800_cars.jpg,346,cars,,,,
http://roller.org/banner801_huge.jpg,564,huge,,,,
http://roller.org/banner802_cars.jpg,802,cars,,,,
http://roller.org/banner803_bikes_huge_black_expensive_cars.jpg,397,bikes,huge,black,expensive,cars
http://roller.org/banner804_bikes_black.jpg,211,bikes,black,,,
http://roller.org/banner805_cars_white.jpg,457,cars,white,,,
http://roller.org/banner806_cars_cheap_bikes_huge_black.jpg,899,cars,cheap,bikes,huge,black
http://roller.org/banner807_small_cars_black_huge_white.jpg,954,small,cars,black,huge,white
http://roller.org/banner808_expensive.jpg,750,expensive,,,,
http://roller.org/banner809_small.jpg,309,small,,,,
http://roller.org/banner810_cars_black.jpg,365,cars,black,,,
http://roller.org/banner811_cheap_small_huge.jpg,805,cheap,small,huge,,
http://roller.org/banner812_huge_white.jpg,135,huge,white,,,
http://roller.org/banner813_black_bikes.jpg,224,black,bikes,,,
http://roller.org/banner814_cars_white.jpg,70,cars,white,,,
http://roller.org/banner815_white_small.jpg,884,white,small,,,
http://roller.org/banner816_huge_cheap_small.jpg,122,huge,cheap,small,,
http://roller.org/banner817_bikes_small.jpg,503,bikes,small,,,
http://roller.org/banner818_white_black_huge_expensive.jpg,355,white,black,huge,expensive,
http://roller.org/banner819_black.jpg,719,black,,,,
http://roller.org/banner820_black_small.jpg,14,black,small,,,
http://roller.org/banner821_cars_cheap.jpg,810,cars,cheap,,,
http://roller.org/banner822_huge_black_cars_white_bikes.jpg,451,huge,black,cars,white,bikes
http://roller.org/banner823_expensive.jpg,982,expensive,,,,
http://roller.org/banner824_black.jpg,562,black,,,,
http://roller.org/banner825_huge.jpg,934,huge,,,,
http://roller.org/banner826_black.jpg,19,black,,,,
http://roller.org/banner827_white_cars.jpg,915,white,cars,,,
http://roller.org/banner828_black_white.jpg,501,black,white,,,
http://roller.org/banner829_cars.jpg,895,cars,,,,
http://roller.org/banner830_bikes_black.jpg,976,bikes,black,,,
http://roller.org/banner831_small_black.jpg,147,small,black,,,
http://roller.org/banner832_white_black_cheap.jpg,672,white,black,cheap,,
http://roller.org/banner833_bikes.jpg,227,bikes,,,,
http://roller.org/banner834_cheap_small_white_cars.jpg,728,cheap,small,white,cars,
http://roller.org/banner835_small_cars.jpg,696,small,cars,,,
http://roller.org/banner836_black.jpg,683,black,,,,
http://roller.org/banner837_cars_white_black_cheap.jpg,498,cars,white,black,cheap,
http://roller.org/banner838_small_expensive.jpg,891,small,expensive,,,
http://roller.org/banner839_white_huge_cheap_bikes_small.jpg,670,white,huge,cheap,bikes,small
http://roller.org/banner840_expensive.jpg,763,expensive,,,,
http://roller.org/banner841_bikes_small_huge.jpg,268,bikes,small,huge,,
http://roller.org/banner842_bikes.jpg,773,bikes,,,,
http://roller.org/banner843_expensive.jpg,847,expensive,,,,
http://roller.org/banner844_huge_expensive.jpg,151,huge,expensive,,,
http://roller.org/banner845_expensive.jpg,755,expensive,,,,
http://roller.org/banner846_expensive_small_black.jpg,639,expensive,small,black,,
http://roller.org/banner847_black.jpg,828,black,,,,
http://roller.org/banner848_huge.jpg,361,huge,,,,
http://roller.org/banner849_bikes.jpg,748,bikes,,,,
http://roller.org/banner850_white_cheap_black_cars.jpg,391,white,cheap,black,cars,
http://roller.org/banner851_cars_small_bikes_cheap.jpg,14,cars,small,bikes,cheap,
http://roller.org/banner852_white_small.jpg,95,white,small,,,
http://roller.org/banner853_huge_cheap.jpg,574,huge,cheap,,,
http://roller.org/banner854_bikes_expensive_small.jpg,596,bikes,expensive,small,,
http://roller.org/banner855_expensive_cheap_bikes_huge.jpg,823,expensive,cheap,bikes,huge,
http://roller.org/banner856_huge.jpg,801,huge,,,,
http://roller.org/banner857_cars.jpg,488,cars,,,,
http://roller.org/banner858_bikes_huge.jpg,708,bikes,huge,,,
http://roller.org/banner859_expensive.jpg,175,expensive,,,,
http://roller.org/banner860_white_cars_expensive.jpg,108,white,cars,expensive,,
http://roller.org/banner861_huge.jpg,469,huge,,,,
http://roller.org/banner862_bikes_small.jpg,319,bikes,small,,,
http://roller.org/banner863_white_small_expensive.jpg,986,white,small,expensive,,
http://roller.org/banner864_expensive.jpg,387,expensive,,,,
http://roller.org/banner865_white_small_cheap.jpg,468,white,small,cheap,,
http://roller.org/banner866_black_cars_white_huge.jpg,873,black,cars,white,huge,
http://roller.org/banner867_bikes.jpg,100,bikes,,,,
http://roller.org/banner868_black.jpg,191,black,,,,
http://roller.org/banner869_huge.jpg,325,huge,,,,
http://roller.org/banner870_huge_cheap.jpg,880,huge,cheap,,,
http://roller.org/banner871_black_cheap.jpg,147,black,cheap,,,
http://roller.org/banner872_black.jpg,859,black,,,,
http://roller.org/banner873_expensive_black.jpg,685,expensive,black,,,
http://roller.org/banner874_expensive_black.jpg,31,expensive,black,,,
http://roller.org/banner875_white_cars_cheap.jpg,678,white,cars,cheap,,
http://roller.org/banner876_cheap.jpg,172,cheap,,,,
http://roller.org/banner877_huge_expensive_cars.jpg,740,huge,expensive,cars,,
http://roller.org/banner878_black.jpg,321,black,,,,
http://roller.org/banner879_cheap_cars_white_expensive.jpg,141,cheap,cars,white,expensive,
http://roller.org/banner880_huge.jpg,284,huge,,,,
http://roller.org/banner881_small.jpg,267,small,,,,
http://roller.org/banner882_expensive_white.jpg,118,expensive,white,,,
http://roller.org/banner883_bikes_cheap.jpg,317,bikes,cheap,,,
http://roller.org/banner884_cars_small.jpg,722,cars,small,,,
http://roller.org/banner885_white_black.jpg,862,white,black,,,
http://roller.org/banner886_cars.jpg,643,cars,,,,
http://roller.org/banner887_small.jpg,868,small,,,,
http://roller.org/banner888_cars_huge.jpg,837,cars,huge,,,
http://roller.org/banner889_black_cheap.jpg,196,black,cheap,,,
http://roller.org/banner890_expensive_black.jpg,575,expensive,black,,,
http://roller.org/banner891_black_white_huge_cars.jpg,120,black,white,huge,cars,
http://roller.org/banner892_small_cheap.jpg,307,small,cheap,,,
http://roller.org/banner893_expensive_cheap.jpg,298,expensive,cheap,,,
http://roller.org/banner894_black.jpg,252,black,,,,
http://roller.org/banner895_small.jpg,764,small,,,,
http://roller.org/banner896_white.jpg,420,white,,,,
http://roller.org/banner897_black.jpg,665,black,,,,
http://roller.org/banner898_white_bikes.jpg,200,white,bikes,,,
http://roller.org/banner899_black_huge_bikes.jpg,543,black,huge,bikes,,
http://roller.org/banner900_cars_black_huge_cheap.jpg,932,cars,black,huge,cheap,
http://roller.org/banner901_huge_small.jpg,192,huge,small,,,
http://roller.org/banner902_black_cars_small_expensive_bikes.jpg,816,black,cars,small,expensive,bikes
http://roller.org/banner903_cars.jpg,521,cars,,,,
http://roller.org/banner904_expensive.jpg,710,expensive,,,,
http://roller.org/banner905_huge.jpg,484,huge,,,,
http://roller.org/banner906_bikes_cars.jpg,187,bikes,cars,,,
http://roller.org/banner907_cars_black.jpg,94,cars,black,,,
http://roller.org/banner908_expensive_cheap_bikes.jpg,127,expensive,cheap,bikes,,
http://roller.org/banner909_expensive_cheap_bikes.jpg,258,expensive,cheap,bikes,,
http://roller.org/banner910_small.jpg,423,small,,,,
http://roller.org/banner911_black.jpg,159,black,,,,
http://roller.org/banner912_bikes_white_black_huge.jpg,513,bikes,white,black,huge,
http://roller.org/banner913_huge.jpg,823,huge,,,,
http://roller.org/banner914_cars_black_bikes.jpg,746,cars,black,bikes,,
http://roller.org/banner915_cars.jpg,242,cars,,,,
http://roller.org/banner916_expensive_huge_white.jpg,472,expensive,huge,white,,
http://roller.org/banner917_cars_bikes.jpg,726,cars,bikes,,,
http://roller.org/banner918_white_cheap.jpg,39,white,cheap,,,
http://roller.org/banner919_white_black.jpg,926,white,black,,,
http://roller.org/banner920_cars.jpg,522,cars,,,,
http://roller.org/banner921_white_cars.jpg,574,white,cars,,,
http://roller.org/banner922_white.jpg,521,white,,,,
http://roller.org/banner923_white.jpg,641,white,,,,
http://roller.org/banner924_white.jpg,60,white,,,,
http://roller.org/banner925_small.jpg,668,small,,,,
http://roller.org/banner926_huge_black.jpg,362,huge,black,,,
http://roller.org/banner927_bikes.jpg,813,bikes,,,,
http://roller.org/banner928_small_huge_expensive.jpg,924,small,huge,expensive,,
http://roller.org/banner929_small.jpg,784,small,,,,
http://roller.org/banner930_cheap_black.jpg,509,cheap,black,,,
http://roller.org/banner931_expensive_black_cheap.jpg,433,expensive,black,cheap,,
http://roller.org/banner932_huge.jpg,356,huge,,,,
http://roller.org/banner933_huge_small_cars.jpg,234,huge,small,cars,,
http://roller.org/banner934_expensive_cars.jpg,848,expensive,cars,,,
http://roller.org/banner935_huge_white.jpg,850,huge,white,,,
http://roller.org/banner936_huge_bikes.jpg,902,huge,bikes,,,
http://roller.org/banner937_white_cars_bikes.jpg,628,white,cars,bikes,,
http://roller.org/banner938_small_huge.jpg,213,small,huge,,,
http://roller.org/banner939_small_black.jpg,545,small,black,,,
http://roller.org/banner940_huge_small_cars_cheap.jpg,905,huge,small,cars,cheap,
http://roller.org/banner941_huge_small.jpg,542,huge,small,,,
http://roller.org/banner942_black.jpg,911,black,,,,
http://roller.org/banner943_cars_small_cheap.jpg,461,cars,small,cheap,,
http://roller.org/banner944_cheap_cars_expensive_black.jpg,114,cheap,cars,expensive,black,
http://roller.org/banner945_bikes.jpg,286,bikes,,,,
http://roller.org/banner946_cars.jpg,305,cars,,,,
http://roller.org/banner947_white_huge.jpg,699,white,huge,,,
http://roller.org/banner948_black.jpg,451,black,,,,
http://roller.org/banner949_expensive_huge.jpg,902,expensive,huge,,,
http://roller.org/banner950_cheap_expensive_huge.jpg,219,cheap,expensive,huge,,
http://roller.org/banner951_black.jpg,910,black,,,,
http://roller.org/banner952_small.jpg,206,small,,,,
http://roller.org/banner953_black_huge_cars.jpg,916,black,huge,cars,,
http://roller.org/banner954_huge_small.jpg,91,huge,small,,,
http://roller.org/banner955_small.jpg,58,small,,,,
http://roller.org/banner956_huge.jpg,73,huge,,,,
http://roller.org/banner957_small.jpg,692,small,,,,
http://roller.org/banner958_small.jpg,645,small,,,,
http://roller.org/banner959_cars.jpg,319,cars,,,,
http://roller.org/banner960_white.jpg,28,white,,,,
http://roller.org/banner961_cheap.jpg,960,cheap,,,,
http://roller.org/banner962_black_white.jpg,622,black,white,,,
http://roller.org/banner963_bikes_cheap_white.jpg,386,bikes,cheap,white,,
http://roller.org/banner964_black.jpg,505,black,,,,
http://roller.org/banner965_cheap.jpg,836,cheap,,,,
http://roller.org/banner966_white_expensive_bikes.jpg,468,white,expensive,bikes,,
http://roller.org/banner967_expensive.jpg,109,expensive,,,,
http://roller.org/banner968_bikes_expensive_cars.jpg,707,bikes,expensive,cars,,
http://roller.org/banner969_huge_cheap.jpg,947,huge,cheap,,,
http://roller.org/banner970_white_small_bikes.jpg,338,white,small,bikes,,
http://roller.org/banner971_cheap_cars_huge_white.jpg,322,cheap,cars,huge,white,
http://roller.org/banner972_bikes_small_cheap.jpg,692,bikes,small,cheap,,
http://roller.org/banner973_black_bikes_small_cars.jpg,946,black,bikes,small,cars,
http://roller.org/banner974_cars_bikes_huge_expensive_small.jpg,367,cars,bikes,huge,expensive,small
http://roller.org/banner975_cars.jpg,295,cars,,,,
http://roller.org/banner976_cars_expensive.jpg,962,cars,expensive,,,
http://roller.org/banner977_cars.jpg,48,cars,,,,
http://roller.org/banner978_cheap_small.jpg,188,cheap,small,,,
http://roller.org/banner979_cars_small.jpg,683,cars,small,,,
http://roller.org/banner980_small_cars.jpg,672,small,cars,,,
http://roller.org/banner981_huge_cars_black.jpg,734,huge,cars,black,,
http://roller.org/banner982_cheap_black.jpg,307,cheap,black,,,
http://roller.org/banner983_small.jpg,964,small,,,,
http://roller.org/banner984_expensive.jpg,785,expensive,,,,
http://roller.org/banner985_cheap_black.jpg,683,cheap,black,,,
http://roller.org/banner986_cheap.jpg,986,cheap,,,,
http://roller.org/banner987_cars.jpg,271,cars,,,,
http://roller.org/banner988_cheap_bikes_white_cars_expensive.jpg,386,cheap,bikes,white,cars,expensive
http://roller.org/banner989_bikes.jpg,559,bikes,,,,
http://roller.org/banner990_white_bikes_black_cars.jpg,640,white,bikes,black,cars,
http://roller.org/banner991_cars_black.jpg,369,cars,black,,,
http://roller.org/banner992_bikes_cheap.jpg,956,bikes,cheap,,,
http://roller.org/banner993_expensive_cars_bikes.jpg,936,expensive,cars,bikes,,
http://roller.org/banner994_cars.jpg,748,cars,,,,
http://roller.org/banner995_small.jpg,719,small,,,,
http://roller.org/banner996_expensive.jpg,172,expensive,,,,
http://roller.org/banner997_small_cheap.jpg,204,small,cheap,,,
http://roller.org/banner998_huge.jpg,586,huge,,,,
http://roller.org/banner999_white.jpg,777,white,,,,
